{
  "deterministic": {
    "groups": {
      "lgbtq": {
        "vote_share": 0.12,
        "gross_risk_per_supporter": 0.81927375,
        "foreseeable_risk_per_supporter": 0.577329375,
        "priority_risk_per_supporter": 0.40359256875000005,
        "gross_risk_pop_weighted": 0.09831285,
        "priority_risk_pop_weighted": 0.04843110825000001,
        "awareness_attrition": 0.49262236065783876,
        "protective_benefit_total": 0.0,
        "cells": {
          "civil_rights": {
            "R": 0.45927000000000007,
            "K": 0.7250000000000001,
            "FR": 0.3329707500000001,
            "PR": 0.24972806250000007
          },
          "trans_health": {
            "R": 0.20712375,
            "K": 0.7,
            "FR": 0.14498662499999998,
            "PR": 0.09424130624999999
          },
          "hate_enforce": {
            "R": 0.15288,
            "K": 0.65,
            "FR": 0.099372,
            "PR": 0.0596232
          }
        },
        "interest_models": {
          "material": {
            "net_alignment_per_supporter": -0.27309125,
            "autoimmunity_per_supporter": 0.25309125,
            "autoimmunity_pop_weighted": 0.030370949999999997
          },
          "rights": {
            "net_alignment_per_supporter": -0.27309125,
            "autoimmunity_per_supporter": 0.25309125,
            "autoimmunity_pop_weighted": 0.030370949999999997
          },
          "subjective": {
            "net_alignment_per_supporter": -0.28540546875,
            "autoimmunity_per_supporter": 0.26540546875000004,
            "autoimmunity_pop_weighted": 0.03184865625
          },
          "expressive": {
            "net_alignment_per_supporter": -0.27309125,
            "autoimmunity_per_supporter": 0.25309125,
            "autoimmunity_pop_weighted": 0.030370949999999997
          },
          "coalition_entry": {
            "net_alignment_per_supporter": -0.27309125,
            "autoimmunity_per_supporter": 0.25309125,
            "autoimmunity_pop_weighted": 0.030370949999999997
          },
          "protest": {
            "net_alignment_per_supporter": -0.27309125,
            "autoimmunity_per_supporter": 0.25309125,
            "autoimmunity_pop_weighted": 0.030370949999999997
          },
          "institutional": {
            "net_alignment_per_supporter": -0.27638285377358496,
            "autoimmunity_per_supporter": 0.25638285377358494,
            "autoimmunity_pop_weighted": 0.03076594245283019
          }
        }
      },
      "muslim": {
        "vote_share": 0.21,
        "gross_risk_per_supporter": 0.47347,
        "foreseeable_risk_per_supporter": 0.3358805,
        "priority_risk_per_supporter": 0.27669872500000003,
        "gross_risk_pop_weighted": 0.0994287,
        "priority_risk_pop_weighted": 0.05810673225000001,
        "awareness_attrition": 0.5844060341732318,
        "protective_benefit_total": 0.0,
        "cells": {
          "entry_travel": {
            "R": 0.24576000000000003,
            "K": 0.75,
            "FR": 0.18432000000000004,
            "PR": 0.15667200000000003
          },
          "gaza_protest": {
            "R": 0.08574999999999998,
            "K": 0.6499999999999999,
            "FR": 0.05573749999999998,
            "PR": 0.05295062499999998
          },
          "religious_bias": {
            "R": 0.14196,
            "K": 0.675,
            "FR": 0.095823,
            "PR": 0.0670761
          }
        },
        "interest_models": {
          "material": {
            "net_alignment_per_supporter": -0.1703857142857143,
            "autoimmunity_per_supporter": 0.15038571428571432,
            "autoimmunity_pop_weighted": 0.031581000000000005
          },
          "rights": {
            "net_alignment_per_supporter": -0.164396875,
            "autoimmunity_per_supporter": 0.144396875,
            "autoimmunity_pop_weighted": 0.030323343750000002
          },
          "subjective": {
            "net_alignment_per_supporter": -0.15589219999999998,
            "autoimmunity_per_supporter": 0.1358922,
            "autoimmunity_pop_weighted": 0.028537361999999997
          },
          "expressive": {
            "net_alignment_per_supporter": -0.11457933333333332,
            "autoimmunity_per_supporter": 0.09457933333333332,
            "autoimmunity_pop_weighted": 0.019861659999999996
          },
          "coalition_entry": {
            "net_alignment_per_supporter": -0.18854153846153848,
            "autoimmunity_per_supporter": 0.1685415384615385,
            "autoimmunity_pop_weighted": 0.03539372307692308
          },
          "protest": {
            "net_alignment_per_supporter": -0.11118764705882352,
            "autoimmunity_per_supporter": 0.09118764705882351,
            "autoimmunity_pop_weighted": 0.01914940588235294
          },
          "institutional": {
            "net_alignment_per_supporter": -0.16095695652173914,
            "autoimmunity_per_supporter": 0.14095695652173915,
            "autoimmunity_pop_weighted": 0.02960096086956522
          }
        }
      },
      "latino": {
        "vote_share": 0.46,
        "gross_risk_per_supporter": 0.3671625,
        "foreseeable_risk_per_supporter": 0.24749156249999998,
        "priority_risk_per_supporter": 0.15817725,
        "gross_risk_pop_weighted": 0.16889475,
        "priority_risk_pop_weighted": 0.072761535,
        "awareness_attrition": 0.4308099274844244,
        "protective_benefit_total": 0.5,
        "cells": {
          "immigration": {
            "R": 0.25245,
            "K": 0.7,
            "FR": 0.17671499999999998,
            "PR": 0.11486474999999999
          },
          "economy": {
            "R": 0.025987500000000004,
            "K": 0.675,
            "FR": 0.017541562500000003,
            "PR": 0.014033250000000004
          },
          "civil_rights": {
            "R": 0.088725,
            "K": 0.6,
            "FR": 0.053235,
            "PR": 0.02927925
          }
        },
        "interest_models": {
          "material": {
            "net_alignment_per_supporter": 0.26745859375,
            "autoimmunity_per_supporter": 0.05217499999999999,
            "autoimmunity_pop_weighted": 0.024000499999999998
          },
          "rights": {
            "net_alignment_per_supporter": -0.061044117647058825,
            "autoimmunity_per_supporter": 0.09916323529411764,
            "autoimmunity_pop_weighted": 0.045615088235294116
          },
          "subjective": {
            "net_alignment_per_supporter": 0.08315937500000002,
            "autoimmunity_per_supporter": 0.094445625,
            "autoimmunity_pop_weighted": 0.043444987500000004
          },
          "expressive": {
            "net_alignment_per_supporter": 0.04427916666666667,
            "autoimmunity_per_supporter": 0.10039166666666666,
            "autoimmunity_pop_weighted": 0.04618016666666666
          },
          "coalition_entry": {
            "net_alignment_per_supporter": 0.04904999999999998,
            "autoimmunity_per_supporter": 0.128555,
            "autoimmunity_pop_weighted": 0.0591353
          },
          "protest": {
            "net_alignment_per_supporter": -0.0416675,
            "autoimmunity_per_supporter": 0.12047000000000001,
            "autoimmunity_pop_weighted": 0.055416200000000006
          },
          "institutional": {
            "net_alignment_per_supporter": 0.007024679487179476,
            "autoimmunity_per_supporter": 0.11231217948717948,
            "autoimmunity_pop_weighted": 0.05166360256410256
          }
        }
      }
    },
    "params": {
      "lambda": 0.5,
      "tau": 0.02,
      "kappa": 12.0
    }
  },
  "ranking": {
    "orderings": {
      "material": [
        "lgbtq",
        "muslim",
        "latino"
      ],
      "rights": [
        "lgbtq",
        "muslim",
        "latino"
      ],
      "subjective": [
        "lgbtq",
        "muslim",
        "latino"
      ],